Series,SADF,GSADF
AI raw,0.711320429050887,1.000557330976099
AI residual,-0.4428817102857103,0.6181893673100454
Non-AI tech raw,0.68043776938138,-0.25904013584356567
Non-AI tech residual,0.1462915171955951,0.18988639606578697
AI semis raw,1.0527375588505943,1.2112593474554
AI semis residual,0.6420772927409578,0.961198751782251
Non-AI semis raw,0.678702138136003,1.545896205653012
Non-AI semis residual,1.5316110664988354,1.567284437954058
