Universe,Breadth mean,Breadth last,Dispersion mean,Dispersion last,HHI mean,HHI last
AI basket,0.7131313131313131,0.7272727272727273,0.015975452750364327,0.02099002810942891,0.15699724248223912,0.1761271721058072
Non-AI tech,0.6127496159754224,0.5714285714285714,0.012237460138440319,0.039207277954466394,0.2266088746530363,0.27987946997990387
AI semis,0.733763440860215,1.0,0.014056972433169715,0.019373868037918164,0.2963096617731206,0.36118080514622974
Non-AI semis,0.5757706093189964,0.8,0.01360323752948759,0.0380535514635563,0.30292306432371147,0.4820616320578257
