Horizon,Base rate,Method
6m,0.03083542488347078,empirical
12m,0.03513804230907135,empirical
