Horizon,Base rate,Prob mean,Prob last,Brier,AUC
3m,0.03700097370983447,0.007921482336879856,0.011864544162963895,0.03690315186331617,0.28846256186472247
